{
    "loss": 0.5992662906646729,
    "accuracy": 0.2528548240661621
}